player,birthdate
Phil Mickelson,1970-06-16
Dustin Johnson,1984-06-22
Sergio Garcia,1980-01-09
Louis Oosthuizen,1982-10-19
Charl Schwartzel,1984-08-31
Kevin Na,1983-09-15
Talor Gooch,1991-11-08
Branden Grace,1988-05-20
Ian Poulter,1976-01-10
Lee Westwood,1973-04-24
Graeme McDowell,1979-07-30
Martin Kaymer,1984-12-28
Patrick Reed,1990-08-05
Bryson DeChambeau,1993-09-16
Brooks Koepka,1990-05-03
Pat Perez,1976-03-01
Matthew Wolff,1999-04-14
Bubba Watson,1978-11-05
Cameron Smith,1993-08-18
Joaquin Niemann,1998-11-07
Marc Leishman,1983-10-24
Harold Varner III,1990-08-15
Thomas Pieters,1992-01-22
Mito Pereira,1995-03-31
Sebastian Munoz,1992-12-29
Brendan Steele,1983-02-04
Dean Burmester,1989-06-30
Jon Rahm,1994-11-10
Tyrrell Hatton,1991-10-14
Adrian Meronk,1993-05-18
Aaron Baddeley,1981-03-17
Aaron Jarvis,
Aaron Rai,1995-03-03
Aaron Wise,1996-06-21
Abel Gallegos,
Abraham Ancer,1991-02-27
Adam Hadwin,1987-11-02
Adam Long,1987-09-25
Adam Schenk,1992-01-26
Adam Scott,1973-04-03
Adam Svensson,1993-12-31
Adri Arnaus,1994-10-17
Adrián Otaegui,1992-11-21
Akshay Bhatia,2002-01-31
Aldrich Potgieter,2004-09-13
Alex Beach,
Alex Norén,1982-07-12
Alex Smalley,1996-10-21
Alex Čejka,1970-12-02
Alexander Björk,1990-06-07
Alexander Lévy,1990-08-01
An Byeong-hun,1991-09-17
Andrea Pavan,1989-04-27
Andrew Johnston,1989-02-18
Andrew Landry,1987-08-07
Andrew Novak,1995-03-31
Andrew Putnam,1989-01-25
Andrew Svoboda,1979-10-02
Andy Ogletree,1998-04-03
Andy Pope,1984-03-03
Andy Sullivan,1987-05-19
Anirban Lahiri,1987-06-29
Antoine Rozner,1993-02-12
Ashton Turner,1993-01-25
Austen Truslow,
Austin Cook,1991-03-13
Austin Eckroat,1999-01-12
Austin Greaser,
Barclay Brown,
Beau Hossler,1995-03-16
Ben Carr,
Ben Cook,1993-09-29
Ben Griffin,1996-05-06
Ben James,
Ben Kern,
Ben Kohles,1990-02-24
Ben Polland,
Benjamin Hébert,1987-02-19
Bernd Wiesberger,1985-10-08
Bernhard Langer,1957-08-27
Bill Haas,1982-05-24
Billy Horschel,1986-12-07
Bo Hoag,1988-07-25
Bob Sowards,1968-06-09
Brad Kennedy,1974-06-18
Brad Marek,
Braden Shattuck,
Brady Calkins,
Brandon Bingaman,
Brandon Robinson-Thompson,1992-08-25
Brandon Stone,1993-04-20
Brandon Wu,1997-02-17
Brandt Snedeker,1980-12-08
Brendan Valdes,
Brendon Todd,1985-07-22
Brian Campbell,1979-05-23
Brian Gay,1971-12-14
Brian Harman,1987-01-19
Brian Stuard,1982-12-10
Brice Garnett,1983-09-06
Bronson Burgoon,1987-06-02
Bud Cauley,1990-03-16
Callum Shinkwin,1993-05-22
Callum Tarren,1990-10-02
Cameron Champ,1995-06-15
Cameron Davis,1995-02-21
Cameron Tringale,1987-08-24
Cameron Young,1997-05-07
Camilo Villegas,1982-01-07
Carlos Ortiz,1991-04-24
Carson Schaake,
Casey Jarvis,2003-07-28
Chan Kim,1990-03-24
Charles Howell III,1979-06-20
Charley Hoffman,1976-12-27
Charlie Reiter,1988-02-27
Chesson Hadley,1987-07-05
Chez Reavie,1981-11-12
Chris Gotterup,1999-07-20
Chris Kirk,1985-05-08
Chris Naegel,
Chris Wood,1987-11-26
Christiaan Bezuidenhout,1994-05-18
Christo Lamprecht,2001-01-30
Cole Hammer,1999-08-28
Colin Inglis,
Collin Morikawa,1997-02-06
Connor Syme,1995-07-11
Corey Conners,1992-01-06
Craig Bowden,1968-06-18
Craig Hocknull,
Curtis Knipes,
Curtis Luck,1996-08-09
Dan Bradbury,1999-07-26
Dan Brown,1964-06-22
Daniel Berger,1993-04-07
Daniel Hillier,1998-07-26
Daniel van Tonder,1991-03-12
Danny Balin,1982-04-09
Danny Lee,1990-07-24
Danny Willett,1987-10-03
Darren Clarke,1968-08-14
Darren Fichardt,1975-05-13
David Duval,1971-11-09
David Lingmerth,1987-07-22
David Lipsky,1988-07-14
David Micheluzzi,1996-07-29
David Muttitt,
David Puig,2001-12-07
Davis Love III,1964-04-13
Davis Riley,1996-12-17
Davis Shore,
Davis Thompson,1999-06-05
Denny McCarthy,1993-03-04
Devon Bling,
Dimitrios Papadatos,1991-06-04
Doc Redman,1997-12-27
Doug Ghim,1996-04-16
Dylan Frittelli,1990-06-05
Dylan Meyer,1995-07-10
Dylan Newman,
Dylan Wu,1996-07-20
Eddie Pepperell,1991-01-22
Edoardo Molinari,1981-02-11
Elvis Smylie,2002-04-23
Emiliano Grillo,1992-09-14
Eric Cole,1988-06-12
Erik van Rooyen,1990-02-21
Ernie Els,1969-10-17
Ethan Fang,
Eugenio Chacarra,2000-03-22
Evan Beck,
Ewen Ferguson,1996-07-06
Fabrizio Zanotti,1983-05-21
Francesco Molinari,1982-11-08
Frankie Capan III,
Fred Couples,1959-10-03
Garrick Higgo,1999-05-12
Gary Woodland,1984-05-21
George Coetzee,1986-07-18
Gordon Sargent,2003-05-27
Grant Forrest,1993-06-19
Grayson Murray,1993-10-01
Greg Koch,1955-06-14
Greyson Sigg,
Guido Migliozzi,1997-01-25
Gunn Charoenkul,1992-04-10
Harris English,1989-07-23
Harrison Crowe,2001-10-15
Harry Ellis,1982-05-17
Harry Hall,1997-08-06
Harry Higgs,1991-12-04
Hayden Buckley,1996-04-21
Henrik Stenson,1976-04-05
Hideki Matsuyama,1992-02-25
Hiroshi Tai,
Hudson Swafford,1987-09-09
Ian Woosnam,1958-03-02
Im Sung-jae,1998-03-30
Isaiah Salinda,
J. B. Holmes,1982-04-26
J. C. Ritchie,1994-02-24
J. J. Spaun,1990-08-21
J. T. Poston,1993-06-01
Jack Senior,1988-07-18
Jackson Buchanan,
Jacob Bridgeman,1999-12-06
Jacob Skov Olesen,1999-05-28
Jake Knapp,1994-05-31
James Hahn,1950-07-03
James Piot,1998-10-14
James Sugrue,1998-12-09
Jared Jones,2001-08-06
Jason Caron,
Jason Day,1987-11-12
Jason Dufner,1977-03-24
Jason Kokrak,1985-05-22
Jason Scrivener,1989-04-18
Jasper Stubbs,
Jazz Janewattananond,1995-11-26
Jediah Morgan,1999-11-30
Jens Dantorp,1989-04-28
Jeremy Wells,
Jesper Svensson,1996-03-14
Jesse Droemer,
Jesse Mueller,
Jhonattan Vegas,1984-08-19
Jim Furyk,1970-05-12
Jim Herman,1977-11-05
Jimmy Walker,1979-01-16
Jinichiro Kozuma,1994-07-07
Joe Highsmith,2000-04-19
Joe Long,
Joel Dahmen,1987-11-11
Johannes Veerman,1992-05-17
John Augenstein,1997-10-07
John Catlin,1990-11-15
John Daly,1966-04-28
John O'Leary,1949-08-19
John Parry,1986-11-17
John Somers,1651-03-04
Johnny Keefer,2001-01-11
Jonas Blixt,1984-04-24
Joost Luiten,1986-01-07
Jordan Smith,1992-11-09
Jordan Spieth,1993-07-27
Jorge Campillo,1978-08-10
Joseph Bramlett,1988-04-07
Josh Speight,
José Luis Ballester,2003-08-18
José María Olazábal,1966-02-05
Jovan Rebula,1997-07-22
Julian Suri,1991-04-06
Justin Bertsch,
Justin Harding,1986-02-09
Justin Hastings,2003-09-18
Justin Hicks,1974-10-28
Justin Leonard,1972-06-15
Justin Lower,1989-04-04
Justin Rose,1980-07-30
Justin Suh,1997-06-12
Justin Thomas,1993-04-29
Justin Walters,1980-10-23
Kalle Samooja,1988-01-25
Kang Sung-hoon,1987-06-04
Karl Vilips,2001-08-16
Kazuki Higa,1995-04-23
Kazuma Kobori,2001-10-25
Keegan Bradley,1986-06-07
Keita Nakajima,2000-06-24
Keith Mitchell,1946-11-12
Kelly Kraft,1988-10-05
Kevin Chappell,1986-07-08
Kevin Kisner,1984-02-15
Kevin O'Connell,
Kevin Streelman,1978-11-04
Kevin Tway,1988-07-23
Kevin Yu,1998-08-11
Kim Bi-o,1990-08-21
Kim Min-kyu,2001-03-24
Kim Seong-hyeon,1998-09-17
Kim Si-woo,1995-06-28
Kiradech Aphibarnrat,1989-07-23
Kodai Ichihara,1982-05-29
Kristoffer Reitan,1998-03-08
Kurt Kitayama,1993-01-14
Kyle Mendoza,
Kyle Stanley,1987-11-19
Laird Shepherd,
Lanto Griffin,1988-06-15
Larkin Gross,
Larry Mize,1958-09-23
Laurie Canter,1989-11-03
Lee Hodges,1995-06-14
Lee Kyoung-hoon,1991-08-24
Li Haotong,1995-08-03
Lin Yuxin,2000-10-12
Lucas Bjerregaard,1991-08-14
Lucas Glover,1979-11-12
Lucas Herbert,1995-12-05
Ludvig Åberg,1999-10-31
Luis Gagne,1997-08-27
Lukas Michel,
Luke Donald,1977-12-07
Luke List,1985-01-14
Mac Meissner,
Mackenzie Hughes,1990-11-23
Marcel Schneider,1990-02-06
Marcel Siem,1980-07-15
Marco Penge,1998-05-15
Marcus Armitage,1987-07-15
Marcus Kinhult,1996-07-24
Mark Calcavecchia,1960-06-12
Mark Hubbard,1989-05-24
Martin Laird,1982-12-29
Marty Jertson,1980-08-24
Masahiro Kawamura,1993-06-25
Mason Howell,2007-06-28
Mateo Fernández de Oliveira,
Matt Borchert,
Matt Dobyns,
Matt Fitzpatrick,1994-09-01
Matt Jones,1980-04-19
Matt Kuchar,1978-06-21
Matt McCarty,1997-12-11
Matt Parziale,1987-06-05
Matt Wallace,1990-04-12
Matteo Manassero,1993-04-19
Matthew Jordan,1996-01-18
Matthew McClean,
Matthew NeSmith,1993-09-29
Matthew Southgate,1988-10-03
Matthias Schwab,1994-12-09
Matthieu Pavon,1992-11-02
Matti Schmid,1997-11-18
Maverick McNealy,1995-11-07
Max Greyserman,1995-05-31
Max Homa,1990-11-19
Maxwell Moldovan,2002-02-22
Michael Block,1976-06-15
Michael Brennan,2002-02-09
Michael Hendry,1979-10-15
Michael Kim,1993-07-14
Michael Thompson,1985-04-16
Michael Thorbjornsen,2001-09-16
Mike Lorenzo-Vera,1985-01-28
Mike Weir,1970-05-12
Mikko Korhonen,1980-07-23
Mikumu Horikawa,
Min Woo Lee,1998-07-27
Nacho Elvira,1987-02-17
Nate Lashley,1982-12-12
Neal Shipley,2000-12-23
Nic Ishee,
Nick Dunlap,2003-12-23
Nick Hardy,1996-01-26
Nick Taylor,1988-04-14
Nico Echavarría,1994-08-04
Nicolai Højgaard,2001-03-12
Niklas Nørgaard,1992-05-31
Noah Kent,
Ockie Strydom,1985-01-08
Oliver Farr,1988-03-25
Oliver Wilson,1980-09-14
Ollie Osborne,
Ollie Schniederjans,1993-06-15
Omar Morales,
Omar Uresti,1968-08-03
Pablo Larrazábal,1983-05-15
Pan Cheng-tsung,1991-11-12
Park Sang-hyun,1990-10-07
Patrick Cantlay,1992-03-17
Patrick Rodgers,1992-06-30
Patton Kizzire,1986-03-03
Paul Barjon,1992-09-19
Paul Casey,1977-07-21
Paul Dunne,1992-11-26
Paul Lawrie,1969-01-01
Paul Waring,1985-02-02
Peter Malnati,1987-06-13
Peter Uihlein,1989-08-29
Philip Barbaree,
Preston Summerhays,
Pádraig Harrington,1971-08-31
Rafa Cabrera-Bello,1984-05-25
Rafael Campos,1988-04-15
Rasmus Højgaard,2001-03-12
Rasmus Neergaard-Petersen,1999-07-03
Renato Paratore,1996-12-14
Rhys Enoch,1988-06-16
Rich Beem,1970-08-24
Rich Berberian Jr.,
Richard Bland,1973-02-03
Richard Mansell,1995-04-24
Richard Sterne,1981-08-27
Richie Ramsay,1983-06-15
Richy Werenski,1991-12-22
Rickie Fowler,1988-12-13
Rico Hoey,1995-09-19
Riki Kawamoto,
Rikuya Hoshino,1996-05-12
Rob Labritz,1971-05-31
Robert MacIntyre,1996-08-03
Robert Rock,1977-04-06
Robert Streb,1987-04-07
Roberto Castro,1985-06-23
Rod Perry,
Roger Sloan,1987-05-15
Romain Langasque,1995-05-18
Rory McIlroy,1989-05-04
Rory Sabbatini,1976-04-02
Ross Fisher,1980-11-22
Russell Henley,1989-04-12
Russell Knox,1985-06-21
Ryan Armour,1976-02-27
Ryan Fox,1987-01-22
Ryan Gerard,1999-08-02
Ryan Moore,1982-12-05
Ryan Palmer,1976-09-19
Ryan Vermeer,1978-01-11
Ryan van Velzen,2001-10-04
Ryo Hisatsune,2002-09-09
Ryo Ishikawa,1991-09-17
Ryosuke Kinoshita,1991-07-16
Ryuko Tokimatsu,1993-09-07
Ryutaro Nagano,1988-05-06
Sadom Kaewkanjana,1998-07-06
Sahith Theegala,1997-12-04
Sam Bairstow,1998-08-12
Sam Bennett,1999-12-21
Sam Burns,1996-07-23
Sam Horsfield,1996-10-08
Sam Locke,1998-08-11
Sam Ryder,1989-06-25
Sam Stevens,1996-07-04
Sami Välimäki,1998-07-16
Sandy Lyle,1958-02-09
Santiago de la Fuente,
Satoshi Kodaira,1989-09-11
Scott Piercy,1978-11-06
Scott Stallings,1985-03-25
Scott Vincent,1992-08-03
Scottie Scheffler,1996-06-21
Sean Crocker,1996-08-31
Sean McCarty,
Sebastian Söderberg,1990-09-19
Sepp Straka,1993-05-01
Seungsu Han,1986-09-10
Shane Lowry,1987-04-02
Shaun Micheel,1969-01-05
Shaun Norris,1985-04-02
Shawn Warren,
Shota Akiyoshi,1990-07-22
Shubhankar Sharma,1996-07-21
Shugo Imahira,1992-10-02
Sihwan Kim,1988-12-04
Song Young-han,1991-07-12
Stephan Jäger,1989-05-30
Steve Stricker,1967-02-23
Stewart Cink,1973-05-21
Stewart Hagestad,1991-04-10
Séamus Power,1987-03-04
Takumi Kanaya,1998-05-23
Taylor Montgomery,1995-01-30
Taylor Moore,1993-07-28
Taylor Pendrith,1991-05-30
Ted Potter Jr.,1983-11-09
Thomas Detry,1993-01-13
Thorbjørn Olesen,1989-12-21
Thriston Lawrence,1996-12-03
Tiger Woods,1975-12-30
Tim Widing,1997-07-14
Timothy Wiseman,1940-02-03
Todd Hamilton,1965-10-18
Tom Hoge,1989-05-25
Tom Kim,2002-06-21
Tom Lehman,1959-03-07
Tom Lewis,1991-01-05
Tom McKibbin,2003-03-04
Tommy Fleetwood,1991-01-19
Tony Finau,1989-09-14
Trevor Immelman,1979-12-16
Trey Mullinax,1992-06-29
Troy Merritt,1985-10-25
Tyler Collet,
Tyler Duncan,1989-07-13
Tyler Strafaci,1998-07-23
Victor Perez,1992-09-02
Vijay Singh,1963-02-22
Viktor Hovland,1997-09-18
Vincent Norrman,1997-12-24
Webb Simpson,1985-08-08
Wilco Nienaber,2000-04-07
Will Zalatoris,1996-08-16
Wyatt Worthington II,
Wyndham Clark,1993-12-09
Xander Schauffele,1993-10-25
Yang Yong-eun,1972-01-15
Yannik Paul,1994-03-05
Yosuke Asaji,1993-05-24
Yuki Inamori,1994-10-02
Yuta Ikeda,1985-12-22
Yuto Katsuragawa,1998-10-09
Yūsaku Miyazato,1980-06-19
Zac Blair,1990-08-20
Zac Oakley,
Zach J. Johnson,
Zach Johnson,1976-02-24
Zander Lombard,1995-01-18
Álvaro Ortiz,1995-11-25
Ángel Cabrera,1969-09-12
Ángel Hidalgo,1998-04-28
Aaron Pike,1985-11-11
Adrien Dumont de Chassart,2000-03-01
Adrien Saddier,1992-05-15
Aguri Iwasaki,
Alejandro Cañizares,1983-01-09
Alejandro Tosti,1996-05-30
Alejandro del Rey,1998-02-15
Alex Fitzpatrick,1999-01-02
Alex Knoll,
Alex Maguire,
Alex Prugh,1984-09-01
Alex Schaake,
Alex Wrigley,
Alex Yang,2005-06-13
Alistair Docherty,
Altin van der Merwe,1996-11-08
Andre Chi,
Andreas Halvorsen,1996-12-08
Andrew Beckler,
Andrew Filbert,
Andrew Kozan,
Andrew Wilson,1994-03-29
Anthony Cordes,
Anthony Quayle,1913-09-07
Ashley Chesters,1989-08-25
Ashton McCulloch,
Austin Connelly,1996-09-18
Austin Hurt,
Bastien Amat,
Ben Campbell,
Ben Hutchinson,1987-11-27
Ben Lorenz,
Ben Silverman,1970-08-15
Ben Taylor,
Berry Henson,1979-07-04
Billy Hurley III,1982-06-09
Bobby Gates,1985-12-31
Braden Thornberry,1997-04-11
Brady Schnell,
Brandon Hagy,1991-03-21
Brandon Holtz,
Brandon Matthews,1994-07-27
Brendan Jones,1975-03-03
Brent Grant,
Brett Drewitt,1990-11-24
Brett Rumford,1977-07-27
Brett Walker,
Brian Bergstol,
Brian Davis,1974-08-02
Brian Mackey,
Brian Smock,
Bryan Kim,1979-06-25
Bryan Lee,1943-03-16
Bryan Newman,
Caleb Manuel,
Calum Hill,1994-11-03
Calum Scott,1988-10-12
Cameron Adam,2003-07-06
Cameron Tankersley,
Cameron Wilson,1992-11-02
Carson Young,
Carter Jenkins,
Casey Pyne,
Casey Russell,
Chad Ramey,1992-08-03
Chandler Blanchet,
Chandler Eaton,
Charlie Danielson,1994-01-16
Charlie Lindh,1997-08-01
Chase Johnson,
Chase Seiffert,1991-08-12
Chip McDaniel,1995-10-12
Cho Min-gyu,1988-08-08
Choi Min-chel,
Chris Babcock,
Chris Baker,1986-03-01
Chris Crawford,
Chris French,
Chris Petefish,
Chris Sanger,
Chris Stroud,1982-02-03
Christian Cavaliere,
Christoffer Bring,1998-11-17
Clément Sordet,1992-10-22
Cody Gribble,1990-09-20
Cole Miller,1984-04-26
Colin Prater,
Connor Arendell,1990-03-30
Connor Graham,
Connor McKinney,
Connor Worsdall,
Corey Pereira,
Cory Schneider,1986-03-18
Daijiro Izumida,
Dan McCarthy,
Daniel Croft,
Daniel Young,
Danthai Boonma,1996-01-23
Dave Coupland,1986-03-16
David Bransdon,
David Carey,
David Gazzolo,
David Horsey,1985-04-14
David Law,1991-05-04
David Nyfjäll,1999-01-26
David Toms,1967-01-04
Denwit Boriboonsub,2004-02-07
Deon Germishuys,1999-10-22
Derek Holmes,1978-10-18
Deyen Lawson,1991-01-07
Ding Wenyi,2004-11-19
Dominic Clemons,
Dylan Naidoo,1998-02-21
Eduard Rousaud,
Emilio González,
Eric Axley,1974-04-22
Eric Dietrich,
Eric Steger,
Erik Barnes,1987-10-22
Evan Bowser,
Fabián Gómez,1978-10-27
Fifa Laopakdee,
Filip Jakubčík,2003-11-22
Filippo Celli,2000-09-06
Fran Quinn,1965-03-11
Frank Bensel Jr.,
Frankie Harris,
Franklin Huang,
Frazer Jones,
Fred Biondi,2000-12-16
Frederik Kjettrup,2000-01-02
Frédéric Lacroix,1995-02-23
Gabe Reynolds,
Garrett Rank,
Garrick Porteous,1990-01-17
Gavin Green,1993-12-28
George Bloor,
George Duangmanee,
George Kneiser,
Gonzalo Fernández-Castaño,1980-10-13
Graeme Robertson,
Grant Haefner,
Gunnar Broin,
Gunner Wiebe,
Hank Lebioda,1994-01-14
Haraldur Magnús,1991-03-16
Harrison Ott,
Hayden Shieh,
Hayden Springer,
Haydn Barron,
Hideto Tanihara,1978-11-16
Hiroshi Iwata,1981-01-31
Hurly Long,1995-07-21
Hwang Inn-choon,1974-09-26
Isaac Simmons,
Isidro Benítez,
J. J. Grey,
J. J. Killeen,1981-10-22
Jack Floydd,
Jack McDonald,
Jackson Herrington,
Jackson Koivun,2005-05-23
Jackson Suber,
Jaco Ahlers,1982-11-19
Jacob Bergeron,
Jacob Solomon,
Jacques Kruyswijk,1992-10-16
Jaime Montojo,
Jake McLeod,1994-08-13
James Morrison,1985-01-24
James Nicholas,
James Robinson,
Jamie Donaldson,1975-10-19
Jamie Lovemark,1988-01-23
Jamie Rutherford,
Jang Dong-kyu,1988-10-22
Jason Schmuhl,
Jaysen Hansen,
Jeff Hart,1960-05-05
Jeff Kellen,
Jeff Roth,1966-04-21
Jeffrey Schmid,
Jesper Sandborg,1993-06-08
Jesse Schutte,
Jimmy Hervol,
Joakim Lagergren,1991-11-15
Joe Dean,1994-06-23
Joe Summerhays,
Joey Herrera,
Joey Vrzich,
Johan Kok,
John Axelsen,1998-01-23
John Chin,
John Huh,1990-05-21
John Pak,1998-12-18
Jonathan Thomson,
Jordan Gumberg,1995-04-14
Jorge Fernández-Valdés,1992-08-06
Josh Bevell,
Judd Gibb,
Julien Guerrier,1985-07-01
Julián Etulain,1988-06-21
Justin De Los Santos,
K. J. Choi,1970-05-19
Kang Kyung-nam,
Kazuki Yasumori,
Keith Greene,1938-01-05
Ken Tanigawa,1967-12-26
Kenny Perry,1960-08-10
Kenny Pigman,
Kensei Hirata,
Kevin Velo,
Kho Taichi,2000-11-13
Kim Meen-whee,1992-02-22
Koh Gun-taek,
Kramer Hickok,1992-04-14
Kyle Barker,2000-12-16
Kyle Mueller,
Kyle Westmoreland,1991-09-20
Lance Simpson,
Lars van Meijel,1994-06-12
Lee Slattery,1978-08-03
Liam Nolan,
Liang Wenchong,1978-08-02
Logan McAllister,
Luis Fernando Barco,
Luis Masaveu,2002-12-17
Luke Clanton,2003-11-05
Luke Gannon,
Luke Guthrie,1990-01-31
M. J. Daffue,1989-01-13
Marc Warren,1967-03-20
Marcus Fraser,1978-07-26
Mario Carmona,
Mark Geddes,
Mark O'Meara,1957-01-13
Martin Couvra,2003-01-17
Martin Rohwer,
Martin Trainer,1991-04-15
Masanori Kobayashi,1976-02-14
Mason Andersen,
Mateo Pulcini,
Matt Cahill,
Matt Ford,1978-04-19
Matt Vogt,
Matthew Baldwin,1986-02-26
Matthew Dodd-Berry,
Matthew Griffin,1983-07-26
Matthew Naumec,
Matthew Sharpstene,
Max McGreevy,1995-05-03
Merrick Bremner,1986-03-26
Michael Auterson,
Michael Hebert,
Michael Johnson,
Michael Kartrude,
Michael La Sasso,2004-03-25
Michael McGowan,
Michael Miller,
Michael Putnam,1983-06-01
Michael Stewart,1990-03-05
Mickey DeMorat,
Miguel Ángel Jiménez,1964-01-05
Mikiya Akutsu,
Mun Do-yeob,
Naoyuki Kataoka,1997-12-28
Nathan Kimsey,1993-03-21
Nick Poppleton,
Nick Watney,1981-04-25
Nicolas Colsaerts,1982-11-14
Nino Bertasio,1988-07-30
Noah Goodwin,
Noah Norton,
O. J. Farrell,
Olin Browne Jr.,
Oliver Bekker,1984-12-11
Oliver Lindell,1998-09-29
Otto Black,
Park Sung-joon,1986-06-09
Parker Bell,
Patrick Cover,
Patrick Fishburn,
Patrick Rada,
Paul Broadhurst,1965-08-14
Paul Dickinson,
Paul Haley II,1988-01-20
Peter Ballo,
Pierceson Coody,2000-01-07
Poom Saksansin,1993-06-04
Preston Cole,
Prom Meesawat,1984-07-21
Retief Goosen,1969-02-03
Rhett Rasmussen,
Ricardo Celia,
Richard H. Lee,1987-04-05
Richard T. Lee,1990-10-29
Richard Teder,
Rick Lamb,1990-09-20
Ricky Castillo,2001-08-28
Rikard Karlberg,1986-12-01
Riley Lewis,
Rob Oppenheim,1980-01-12
Robby Shelton,1995-08-25
Robert Dinwiddie,1982-12-29
Roberto Díaz,1987-02-03
Ronan Mullarney,1995-09-12
Roy Cootes,
Rupe Taylor,
Russell Grove,
Ryan Brehm,1986-04-05
Ryan Evans,1990-06-19
Ryan Lenahan,
Ryan Lumsden,
Ryan McCormick,1991-11-07
Ryan Peake,1973-03-01
Ryan Sullivan,1975-01-20
Ryggs Johnston,2000-05-21
Sam Forgan,
Sam Hutsby,1988-10-29
Sam Saunders,1987-07-30
Sampson Zheng,
Sandy Scott,
Scott Brown,1983-05-22
Scott Gregory,1994-10-01
Scott Hend,
Scott Jamieson,1988-10-13
Sean Jacklin,
Sebastian Cave,
Sebastián Vázquez,1990-11-07
Shintaro Ban,
Simon Forsström,1989-04-01
Sonny Skinner,1960-08-18
Spencer Ralston,
Spencer Tibbits,
Stephen Allan,1973-10-18
Stephen Dodd,1966-07-15
Steve Holmes,
Steven Alker,1971-07-28
Stuart Deane,
Stuart Smith,
Sulman Raza,
Taiga Semikawa,2001-01-11
Taisei Shimizu,
Theo Humphrey,
Thomas Aiken,1983-07-16
Thomas Curtis,
Thomas Thurloway,
Tiger Christensen,2003-08-19
Tim Feenstra,
Tim Pearce,
Tim Wilkinson,1978-07-26
Todd Sinnott,1992-02-19
Tom Johnson,1981-08-19
Tommy Morrison,1969-01-02
Tomoyasu Sugiyama,
Tracy Phillips,1968-01-08
Travis Smyth,1994-12-29
Travis Vick,
Trent Phillips,
Trevor Cone,
Trevor Gutschewski,
Tyler Hall,
Tyler Weaver,
Wade Ormsby,1980-03-31
Wang Jeung-hun,1995-09-07
Wells Williams,1812-09-22
Wesley Bryan,1990-03-26
Wil Besseling,1985-12-09
Will Chandler,
Will Grimmer,
William Mouw,2000-09-05
Willie Mack III,
Wilson Furr,
Yoshinori Fujimoto,1989-10-25
Yuta Sugiura,
Zach Bauchou,
Zach Pollo,
Zach Zaback,
Zack Fischer,
Zack Sucher,1986-10-02
Zhang Xinjun,1987-06-10
